location_from,location_to,classification_from,classification_to,comment,skos_uri
AF,AF,bonsai,iso_3166_1_alpha2,one-to-one correspondence,http://www.w3.org/2004/02/skos/core#exactMatch
AX,AX,bonsai,iso_3166_1_alpha2,one-to-one correspondence,http://www.w3.org/2004/02/skos/core#exactMatch
AL,AL,bonsai,iso_3166_1_alpha2,one-to-one correspondence,http://www.w3.org/2004/02/skos/core#exactMatch
DZ,DZ,bonsai,iso_3166_1_alpha2,one-to-one correspondence,http://www.w3.org/2004/02/skos/core#exactMatch
AS,AS,bonsai,iso_3166_1_alpha2,one-to-one correspondence,http://www.w3.org/2004/02/skos/core#exactMatch
AD,AD,bonsai,iso_3166_1_alpha2,one-to-one correspondence,http://www.w3.org/2004/02/skos/core#exactMatch
AO,AO,bonsai,iso_3166_1_alpha2,one-to-one correspondence,http://www.w3.org/2004/02/skos/core#exactMatch
AI,AI,bonsai,iso_3166_1_alpha2,one-to-one correspondence,http://www.w3.org/2004/02/skos/core#exactMatch
AQ,AQ,bonsai,iso_3166_1_alpha2,one-to-one correspondence,http://www.w3.org/2004/02/skos/core#exactMatch
AG,AG,bonsai,iso_3166_1_alpha2,one-to-one correspondence,http://www.w3.org/2004/02/skos/core#exactMatch
AR,AR,bonsai,iso_3166_1_alpha2,one-to-one correspondence,http://www.w3.org/2004/02/skos/core#exactMatch
AM,AM,bonsai,iso_3166_1_alpha2,one-to-one correspondence,http://www.w3.org/2004/02/skos/core#exactMatch
AW,AW,bonsai,iso_3166_1_alpha2,one-to-one correspondence,http://www.w3.org/2004/02/skos/core#exactMatch
AU,AU,bonsai,iso_3166_1_alpha2,one-to-one correspondence,http://www.w3.org/2004/02/skos/core#exactMatch
AT,AT,bonsai,iso_3166_1_alpha2,one-to-one correspondence,http://www.w3.org/2004/02/skos/core#exactMatch
AZ,AZ,bonsai,iso_3166_1_alpha2,one-to-one correspondence,http://www.w3.org/2004/02/skos/core#exactMatch
BS,BS,bonsai,iso_3166_1_alpha2,one-to-one correspondence,http://www.w3.org/2004/02/skos/core#exactMatch
BH,BH,bonsai,iso_3166_1_alpha2,one-to-one correspondence,http://www.w3.org/2004/02/skos/core#exactMatch
BD,BD,bonsai,iso_3166_1_alpha2,one-to-one correspondence,http://www.w3.org/2004/02/skos/core#exactMatch
BB,BB,bonsai,iso_3166_1_alpha2,one-to-one correspondence,http://www.w3.org/2004/02/skos/core#exactMatch
BY,BY,bonsai,iso_3166_1_alpha2,one-to-one correspondence,http://www.w3.org/2004/02/skos/core#exactMatch
BE,BE,bonsai,iso_3166_1_alpha2,one-to-one correspondence,http://www.w3.org/2004/02/skos/core#exactMatch
BZ,BZ,bonsai,iso_3166_1_alpha2,one-to-one correspondence,http://www.w3.org/2004/02/skos/core#exactMatch
BJ,BJ,bonsai,iso_3166_1_alpha2,one-to-one correspondence,http://www.w3.org/2004/02/skos/core#exactMatch
BM,BM,bonsai,iso_3166_1_alpha2,one-to-one correspondence,http://www.w3.org/2004/02/skos/core#exactMatch
BT,BT,bonsai,iso_3166_1_alpha2,one-to-one correspondence,http://www.w3.org/2004/02/skos/core#exactMatch
BO,BO,bonsai,iso_3166_1_alpha2,one-to-one correspondence,http://www.w3.org/2004/02/skos/core#exactMatch
BQ,BQ,bonsai,iso_3166_1_alpha2,one-to-one correspondence,http://www.w3.org/2004/02/skos/core#exactMatch
BA,BA,bonsai,iso_3166_1_alpha2,one-to-one correspondence,http://www.w3.org/2004/02/skos/core#exactMatch
BW,BW,bonsai,iso_3166_1_alpha2,one-to-one correspondence,http://www.w3.org/2004/02/skos/core#exactMatch
BR,BR,bonsai,iso_3166_1_alpha2,one-to-one correspondence,http://www.w3.org/2004/02/skos/core#exactMatch
IO,IO,bonsai,iso_3166_1_alpha2,one-to-one correspondence,http://www.w3.org/2004/02/skos/core#exactMatch
BN,BN,bonsai,iso_3166_1_alpha2,one-to-one correspondence,http://www.w3.org/2004/02/skos/core#exactMatch
BG,BG,bonsai,iso_3166_1_alpha2,one-to-one correspondence,http://www.w3.org/2004/02/skos/core#exactMatch
BF,BF,bonsai,iso_3166_1_alpha2,one-to-one correspondence,http://www.w3.org/2004/02/skos/core#exactMatch
BI,BI,bonsai,iso_3166_1_alpha2,one-to-one correspondence,http://www.w3.org/2004/02/skos/core#exactMatch
KH,KH,bonsai,iso_3166_1_alpha2,one-to-one correspondence,http://www.w3.org/2004/02/skos/core#exactMatch
CM,CM,bonsai,iso_3166_1_alpha2,one-to-one correspondence,http://www.w3.org/2004/02/skos/core#exactMatch
CA,CA,bonsai,iso_3166_1_alpha2,one-to-one correspondence,http://www.w3.org/2004/02/skos/core#exactMatch
CV,CV,bonsai,iso_3166_1_alpha2,one-to-one correspondence,http://www.w3.org/2004/02/skos/core#exactMatch
KY,KY,bonsai,iso_3166_1_alpha2,one-to-one correspondence,http://www.w3.org/2004/02/skos/core#exactMatch
CF,CF,bonsai,iso_3166_1_alpha2,one-to-one correspondence,http://www.w3.org/2004/02/skos/core#exactMatch
TD,TD,bonsai,iso_3166_1_alpha2,one-to-one correspondence,http://www.w3.org/2004/02/skos/core#exactMatch
CL,CL,bonsai,iso_3166_1_alpha2,one-to-one correspondence,http://www.w3.org/2004/02/skos/core#exactMatch
CN,CN,bonsai,iso_3166_1_alpha2,one-to-one correspondence,http://www.w3.org/2004/02/skos/core#exactMatch
CX,CX,bonsai,iso_3166_1_alpha2,one-to-one correspondence,http://www.w3.org/2004/02/skos/core#exactMatch
CC,CC,bonsai,iso_3166_1_alpha2,one-to-one correspondence,http://www.w3.org/2004/02/skos/core#exactMatch
CO,CO,bonsai,iso_3166_1_alpha2,one-to-one correspondence,http://www.w3.org/2004/02/skos/core#exactMatch
KM,KM,bonsai,iso_3166_1_alpha2,one-to-one correspondence,http://www.w3.org/2004/02/skos/core#exactMatch
CG,CG,bonsai,iso_3166_1_alpha2,one-to-one correspondence,http://www.w3.org/2004/02/skos/core#exactMatch
CD,CD,bonsai,iso_3166_1_alpha2,one-to-one correspondence,http://www.w3.org/2004/02/skos/core#exactMatch
CK,CK,bonsai,iso_3166_1_alpha2,one-to-one correspondence,http://www.w3.org/2004/02/skos/core#exactMatch
CR,CR,bonsai,iso_3166_1_alpha2,one-to-one correspondence,http://www.w3.org/2004/02/skos/core#exactMatch
CI,CI,bonsai,iso_3166_1_alpha2,one-to-one correspondence,http://www.w3.org/2004/02/skos/core#exactMatch
HR,HR,bonsai,iso_3166_1_alpha2,one-to-one correspondence,http://www.w3.org/2004/02/skos/core#exactMatch
CU,CU,bonsai,iso_3166_1_alpha2,one-to-one correspondence,http://www.w3.org/2004/02/skos/core#exactMatch
CW,CW,bonsai,iso_3166_1_alpha2,one-to-one correspondence,http://www.w3.org/2004/02/skos/core#exactMatch
CY,CY,bonsai,iso_3166_1_alpha2,one-to-one correspondence,http://www.w3.org/2004/02/skos/core#exactMatch
CZ,CZ,bonsai,iso_3166_1_alpha2,one-to-one correspondence,http://www.w3.org/2004/02/skos/core#exactMatch
DK,DK,bonsai,iso_3166_1_alpha2,one-to-one correspondence,http://www.w3.org/2004/02/skos/core#exactMatch
DJ,DJ,bonsai,iso_3166_1_alpha2,one-to-one correspondence,http://www.w3.org/2004/02/skos/core#exactMatch
DM,DM,bonsai,iso_3166_1_alpha2,one-to-one correspondence,http://www.w3.org/2004/02/skos/core#exactMatch
DO,DO,bonsai,iso_3166_1_alpha2,one-to-one correspondence,http://www.w3.org/2004/02/skos/core#exactMatch
EC,EC,bonsai,iso_3166_1_alpha2,one-to-one correspondence,http://www.w3.org/2004/02/skos/core#exactMatch
EG,EG,bonsai,iso_3166_1_alpha2,one-to-one correspondence,http://www.w3.org/2004/02/skos/core#exactMatch
SV,SV,bonsai,iso_3166_1_alpha2,one-to-one correspondence,http://www.w3.org/2004/02/skos/core#exactMatch
GQ,GQ,bonsai,iso_3166_1_alpha2,one-to-one correspondence,http://www.w3.org/2004/02/skos/core#exactMatch
ER,ER,bonsai,iso_3166_1_alpha2,one-to-one correspondence,http://www.w3.org/2004/02/skos/core#exactMatch
EE,EE,bonsai,iso_3166_1_alpha2,one-to-one correspondence,http://www.w3.org/2004/02/skos/core#exactMatch
SZ,SZ,bonsai,iso_3166_1_alpha2,one-to-one correspondence,http://www.w3.org/2004/02/skos/core#exactMatch
ET,ET,bonsai,iso_3166_1_alpha2,one-to-one correspondence,http://www.w3.org/2004/02/skos/core#exactMatch
FK,FK,bonsai,iso_3166_1_alpha2,one-to-one correspondence,http://www.w3.org/2004/02/skos/core#exactMatch
FO,FO,bonsai,iso_3166_1_alpha2,one-to-one correspondence,http://www.w3.org/2004/02/skos/core#exactMatch
FJ,FJ,bonsai,iso_3166_1_alpha2,one-to-one correspondence,http://www.w3.org/2004/02/skos/core#exactMatch
FI,FI,bonsai,iso_3166_1_alpha2,one-to-one correspondence,http://www.w3.org/2004/02/skos/core#exactMatch
FR,FR,bonsai,iso_3166_1_alpha2,one-to-one correspondence,http://www.w3.org/2004/02/skos/core#exactMatch
GF,GF,bonsai,iso_3166_1_alpha2,one-to-one correspondence,http://www.w3.org/2004/02/skos/core#exactMatch
PF,PF,bonsai,iso_3166_1_alpha2,one-to-one correspondence,http://www.w3.org/2004/02/skos/core#exactMatch
TF,TF,bonsai,iso_3166_1_alpha2,one-to-one correspondence,http://www.w3.org/2004/02/skos/core#exactMatch
GA,GA,bonsai,iso_3166_1_alpha2,one-to-one correspondence,http://www.w3.org/2004/02/skos/core#exactMatch
GM,GM,bonsai,iso_3166_1_alpha2,one-to-one correspondence,http://www.w3.org/2004/02/skos/core#exactMatch
GE,GE,bonsai,iso_3166_1_alpha2,one-to-one correspondence,http://www.w3.org/2004/02/skos/core#exactMatch
DE,DE,bonsai,iso_3166_1_alpha2,one-to-one correspondence,http://www.w3.org/2004/02/skos/core#exactMatch
GH,GH,bonsai,iso_3166_1_alpha2,one-to-one correspondence,http://www.w3.org/2004/02/skos/core#exactMatch
GI,GI,bonsai,iso_3166_1_alpha2,one-to-one correspondence,http://www.w3.org/2004/02/skos/core#exactMatch
GR,GR,bonsai,iso_3166_1_alpha2,one-to-one correspondence,http://www.w3.org/2004/02/skos/core#exactMatch
GL,GL,bonsai,iso_3166_1_alpha2,one-to-one correspondence,http://www.w3.org/2004/02/skos/core#exactMatch
GD,GD,bonsai,iso_3166_1_alpha2,one-to-one correspondence,http://www.w3.org/2004/02/skos/core#exactMatch
GP,GP,bonsai,iso_3166_1_alpha2,one-to-one correspondence,http://www.w3.org/2004/02/skos/core#exactMatch
GU,GU,bonsai,iso_3166_1_alpha2,one-to-one correspondence,http://www.w3.org/2004/02/skos/core#exactMatch
GT,GT,bonsai,iso_3166_1_alpha2,one-to-one correspondence,http://www.w3.org/2004/02/skos/core#exactMatch
GG,GG,bonsai,iso_3166_1_alpha2,one-to-one correspondence,http://www.w3.org/2004/02/skos/core#exactMatch
GN,GN,bonsai,iso_3166_1_alpha2,one-to-one correspondence,http://www.w3.org/2004/02/skos/core#exactMatch
GW,GW,bonsai,iso_3166_1_alpha2,one-to-one correspondence,http://www.w3.org/2004/02/skos/core#exactMatch
GY,GY,bonsai,iso_3166_1_alpha2,one-to-one correspondence,http://www.w3.org/2004/02/skos/core#exactMatch
HT,HT,bonsai,iso_3166_1_alpha2,one-to-one correspondence,http://www.w3.org/2004/02/skos/core#exactMatch
HM,HM,bonsai,iso_3166_1_alpha2,one-to-one correspondence,http://www.w3.org/2004/02/skos/core#exactMatch
VA,VA,bonsai,iso_3166_1_alpha2,one-to-one correspondence,http://www.w3.org/2004/02/skos/core#exactMatch
HN,HN,bonsai,iso_3166_1_alpha2,one-to-one correspondence,http://www.w3.org/2004/02/skos/core#exactMatch
HK,HK,bonsai,iso_3166_1_alpha2,one-to-one correspondence,http://www.w3.org/2004/02/skos/core#exactMatch
HU,HU,bonsai,iso_3166_1_alpha2,one-to-one correspondence,http://www.w3.org/2004/02/skos/core#exactMatch
IS,IS,bonsai,iso_3166_1_alpha2,one-to-one correspondence,http://www.w3.org/2004/02/skos/core#exactMatch
IN,IN,bonsai,iso_3166_1_alpha2,one-to-one correspondence,http://www.w3.org/2004/02/skos/core#exactMatch
ID,ID,bonsai,iso_3166_1_alpha2,one-to-one correspondence,http://www.w3.org/2004/02/skos/core#exactMatch
XZ,XZ,bonsai,iso_3166_1_alpha2,one-to-one correspondence,http://www.w3.org/2004/02/skos/core#exactMatch
IR,IR,bonsai,iso_3166_1_alpha2,one-to-one correspondence,http://www.w3.org/2004/02/skos/core#exactMatch
IQ,IQ,bonsai,iso_3166_1_alpha2,one-to-one correspondence,http://www.w3.org/2004/02/skos/core#exactMatch
IE,IE,bonsai,iso_3166_1_alpha2,one-to-one correspondence,http://www.w3.org/2004/02/skos/core#exactMatch
IM,IM,bonsai,iso_3166_1_alpha2,one-to-one correspondence,http://www.w3.org/2004/02/skos/core#exactMatch
IL,IL,bonsai,iso_3166_1_alpha2,one-to-one correspondence,http://www.w3.org/2004/02/skos/core#exactMatch
IT,IT,bonsai,iso_3166_1_alpha2,one-to-one correspondence,http://www.w3.org/2004/02/skos/core#exactMatch
JM,JM,bonsai,iso_3166_1_alpha2,one-to-one correspondence,http://www.w3.org/2004/02/skos/core#exactMatch
JP,JP,bonsai,iso_3166_1_alpha2,one-to-one correspondence,http://www.w3.org/2004/02/skos/core#exactMatch
JE,JE,bonsai,iso_3166_1_alpha2,one-to-one correspondence,http://www.w3.org/2004/02/skos/core#exactMatch
JO,JO,bonsai,iso_3166_1_alpha2,one-to-one correspondence,http://www.w3.org/2004/02/skos/core#exactMatch
KZ,KZ,bonsai,iso_3166_1_alpha2,one-to-one correspondence,http://www.w3.org/2004/02/skos/core#exactMatch
KE,KE,bonsai,iso_3166_1_alpha2,one-to-one correspondence,http://www.w3.org/2004/02/skos/core#exactMatch
KI,KI,bonsai,iso_3166_1_alpha2,one-to-one correspondence,http://www.w3.org/2004/02/skos/core#exactMatch
KP,KP,bonsai,iso_3166_1_alpha2,one-to-one correspondence,http://www.w3.org/2004/02/skos/core#exactMatch
KR,KR,bonsai,iso_3166_1_alpha2,one-to-one correspondence,http://www.w3.org/2004/02/skos/core#exactMatch
KW,KW,bonsai,iso_3166_1_alpha2,one-to-one correspondence,http://www.w3.org/2004/02/skos/core#exactMatch
KG,KG,bonsai,iso_3166_1_alpha2,one-to-one correspondence,http://www.w3.org/2004/02/skos/core#exactMatch
LA,LA,bonsai,iso_3166_1_alpha2,one-to-one correspondence,http://www.w3.org/2004/02/skos/core#exactMatch
LV,LV,bonsai,iso_3166_1_alpha2,one-to-one correspondence,http://www.w3.org/2004/02/skos/core#exactMatch
LB,LB,bonsai,iso_3166_1_alpha2,one-to-one correspondence,http://www.w3.org/2004/02/skos/core#exactMatch
LS,LS,bonsai,iso_3166_1_alpha2,one-to-one correspondence,http://www.w3.org/2004/02/skos/core#exactMatch
LR,LR,bonsai,iso_3166_1_alpha2,one-to-one correspondence,http://www.w3.org/2004/02/skos/core#exactMatch
LY,LY,bonsai,iso_3166_1_alpha2,one-to-one correspondence,http://www.w3.org/2004/02/skos/core#exactMatch
LI,LI,bonsai,iso_3166_1_alpha2,one-to-one correspondence,http://www.w3.org/2004/02/skos/core#exactMatch
LT,LT,bonsai,iso_3166_1_alpha2,one-to-one correspondence,http://www.w3.org/2004/02/skos/core#exactMatch
LU,LU,bonsai,iso_3166_1_alpha2,one-to-one correspondence,http://www.w3.org/2004/02/skos/core#exactMatch
MO,MO,bonsai,iso_3166_1_alpha2,one-to-one correspondence,http://www.w3.org/2004/02/skos/core#exactMatch
MG,MG,bonsai,iso_3166_1_alpha2,one-to-one correspondence,http://www.w3.org/2004/02/skos/core#exactMatch
MW,MW,bonsai,iso_3166_1_alpha2,one-to-one correspondence,http://www.w3.org/2004/02/skos/core#exactMatch
MY,MY,bonsai,iso_3166_1_alpha2,one-to-one correspondence,http://www.w3.org/2004/02/skos/core#exactMatch
MV,MV,bonsai,iso_3166_1_alpha2,one-to-one correspondence,http://www.w3.org/2004/02/skos/core#exactMatch
ML,ML,bonsai,iso_3166_1_alpha2,one-to-one correspondence,http://www.w3.org/2004/02/skos/core#exactMatch
MT,MT,bonsai,iso_3166_1_alpha2,one-to-one correspondence,http://www.w3.org/2004/02/skos/core#exactMatch
MH,MH,bonsai,iso_3166_1_alpha2,one-to-one correspondence,http://www.w3.org/2004/02/skos/core#exactMatch
MQ,MQ,bonsai,iso_3166_1_alpha2,one-to-one correspondence,http://www.w3.org/2004/02/skos/core#exactMatch
MR,MR,bonsai,iso_3166_1_alpha2,one-to-one correspondence,http://www.w3.org/2004/02/skos/core#exactMatch
MU,MU,bonsai,iso_3166_1_alpha2,one-to-one correspondence,http://www.w3.org/2004/02/skos/core#exactMatch
YT,YT,bonsai,iso_3166_1_alpha2,one-to-one correspondence,http://www.w3.org/2004/02/skos/core#exactMatch
MX,MX,bonsai,iso_3166_1_alpha2,one-to-one correspondence,http://www.w3.org/2004/02/skos/core#exactMatch
FM,FM,bonsai,iso_3166_1_alpha2,one-to-one correspondence,http://www.w3.org/2004/02/skos/core#exactMatch
MD,MD,bonsai,iso_3166_1_alpha2,one-to-one correspondence,http://www.w3.org/2004/02/skos/core#exactMatch
MC,MC,bonsai,iso_3166_1_alpha2,one-to-one correspondence,http://www.w3.org/2004/02/skos/core#exactMatch
MN,MN,bonsai,iso_3166_1_alpha2,one-to-one correspondence,http://www.w3.org/2004/02/skos/core#exactMatch
ME,ME,bonsai,iso_3166_1_alpha2,one-to-one correspondence,http://www.w3.org/2004/02/skos/core#exactMatch
MS,MS,bonsai,iso_3166_1_alpha2,one-to-one correspondence,http://www.w3.org/2004/02/skos/core#exactMatch
MA,MA,bonsai,iso_3166_1_alpha2,one-to-one correspondence,http://www.w3.org/2004/02/skos/core#exactMatch
MZ,MZ,bonsai,iso_3166_1_alpha2,one-to-one correspondence,http://www.w3.org/2004/02/skos/core#exactMatch
MM,MM,bonsai,iso_3166_1_alpha2,one-to-one correspondence,http://www.w3.org/2004/02/skos/core#exactMatch
NA,NA,bonsai,iso_3166_1_alpha2,one-to-one correspondence,http://www.w3.org/2004/02/skos/core#exactMatch
NR,NR,bonsai,iso_3166_1_alpha2,one-to-one correspondence,http://www.w3.org/2004/02/skos/core#exactMatch
NP,NP,bonsai,iso_3166_1_alpha2,one-to-one correspondence,http://www.w3.org/2004/02/skos/core#exactMatch
NL,NL,bonsai,iso_3166_1_alpha2,one-to-one correspondence,http://www.w3.org/2004/02/skos/core#exactMatch
NC,NC,bonsai,iso_3166_1_alpha2,one-to-one correspondence,http://www.w3.org/2004/02/skos/core#exactMatch
NZ,NZ,bonsai,iso_3166_1_alpha2,one-to-one correspondence,http://www.w3.org/2004/02/skos/core#exactMatch
NI,NI,bonsai,iso_3166_1_alpha2,one-to-one correspondence,http://www.w3.org/2004/02/skos/core#exactMatch
NE,NE,bonsai,iso_3166_1_alpha2,one-to-one correspondence,http://www.w3.org/2004/02/skos/core#exactMatch
NG,NG,bonsai,iso_3166_1_alpha2,one-to-one correspondence,http://www.w3.org/2004/02/skos/core#exactMatch
NU,NU,bonsai,iso_3166_1_alpha2,one-to-one correspondence,http://www.w3.org/2004/02/skos/core#exactMatch
NF,NF,bonsai,iso_3166_1_alpha2,one-to-one correspondence,http://www.w3.org/2004/02/skos/core#exactMatch
MK,MK,bonsai,iso_3166_1_alpha2,one-to-one correspondence,http://www.w3.org/2004/02/skos/core#exactMatch
MP,MP,bonsai,iso_3166_1_alpha2,one-to-one correspondence,http://www.w3.org/2004/02/skos/core#exactMatch
NO,NO,bonsai,iso_3166_1_alpha2,one-to-one correspondence,http://www.w3.org/2004/02/skos/core#exactMatch
OM,OM,bonsai,iso_3166_1_alpha2,one-to-one correspondence,http://www.w3.org/2004/02/skos/core#exactMatch
PK,PK,bonsai,iso_3166_1_alpha2,one-to-one correspondence,http://www.w3.org/2004/02/skos/core#exactMatch
PW,PW,bonsai,iso_3166_1_alpha2,one-to-one correspondence,http://www.w3.org/2004/02/skos/core#exactMatch
PS,PS,bonsai,iso_3166_1_alpha2,one-to-one correspondence,http://www.w3.org/2004/02/skos/core#exactMatch
PA,PA,bonsai,iso_3166_1_alpha2,one-to-one correspondence,http://www.w3.org/2004/02/skos/core#exactMatch
PG,PG,bonsai,iso_3166_1_alpha2,one-to-one correspondence,http://www.w3.org/2004/02/skos/core#exactMatch
PY,PY,bonsai,iso_3166_1_alpha2,one-to-one correspondence,http://www.w3.org/2004/02/skos/core#exactMatch
PE,PE,bonsai,iso_3166_1_alpha2,one-to-one correspondence,http://www.w3.org/2004/02/skos/core#exactMatch
PH,PH,bonsai,iso_3166_1_alpha2,one-to-one correspondence,http://www.w3.org/2004/02/skos/core#exactMatch
PN,PN,bonsai,iso_3166_1_alpha2,one-to-one correspondence,http://www.w3.org/2004/02/skos/core#exactMatch
PL,PL,bonsai,iso_3166_1_alpha2,one-to-one correspondence,http://www.w3.org/2004/02/skos/core#exactMatch
PT,PT,bonsai,iso_3166_1_alpha2,one-to-one correspondence,http://www.w3.org/2004/02/skos/core#exactMatch
PR,PR,bonsai,iso_3166_1_alpha2,one-to-one correspondence,http://www.w3.org/2004/02/skos/core#exactMatch
QA,QA,bonsai,iso_3166_1_alpha2,one-to-one correspondence,http://www.w3.org/2004/02/skos/core#exactMatch
RE,RE,bonsai,iso_3166_1_alpha2,one-to-one correspondence,http://www.w3.org/2004/02/skos/core#exactMatch
RO,RO,bonsai,iso_3166_1_alpha2,one-to-one correspondence,http://www.w3.org/2004/02/skos/core#exactMatch
RU,RU,bonsai,iso_3166_1_alpha2,one-to-one correspondence,http://www.w3.org/2004/02/skos/core#exactMatch
RW,RW,bonsai,iso_3166_1_alpha2,one-to-one correspondence,http://www.w3.org/2004/02/skos/core#exactMatch
BL,BL,bonsai,iso_3166_1_alpha2,one-to-one correspondence,http://www.w3.org/2004/02/skos/core#exactMatch
SH,SH,bonsai,iso_3166_1_alpha2,one-to-one correspondence,http://www.w3.org/2004/02/skos/core#exactMatch
KN,KN,bonsai,iso_3166_1_alpha2,one-to-one correspondence,http://www.w3.org/2004/02/skos/core#exactMatch
LC,LC,bonsai,iso_3166_1_alpha2,one-to-one correspondence,http://www.w3.org/2004/02/skos/core#exactMatch
MF,MF,bonsai,iso_3166_1_alpha2,one-to-one correspondence,http://www.w3.org/2004/02/skos/core#exactMatch
PM,PM,bonsai,iso_3166_1_alpha2,one-to-one correspondence,http://www.w3.org/2004/02/skos/core#exactMatch
VC,VC,bonsai,iso_3166_1_alpha2,one-to-one correspondence,http://www.w3.org/2004/02/skos/core#exactMatch
WS,WS,bonsai,iso_3166_1_alpha2,one-to-one correspondence,http://www.w3.org/2004/02/skos/core#exactMatch
SM,SM,bonsai,iso_3166_1_alpha2,one-to-one correspondence,http://www.w3.org/2004/02/skos/core#exactMatch
ST,ST,bonsai,iso_3166_1_alpha2,one-to-one correspondence,http://www.w3.org/2004/02/skos/core#exactMatch
SA,SA,bonsai,iso_3166_1_alpha2,one-to-one correspondence,http://www.w3.org/2004/02/skos/core#exactMatch
SN,SN,bonsai,iso_3166_1_alpha2,one-to-one correspondence,http://www.w3.org/2004/02/skos/core#exactMatch
RS,RS,bonsai,iso_3166_1_alpha2,one-to-one correspondence,http://www.w3.org/2004/02/skos/core#exactMatch
SC,SC,bonsai,iso_3166_1_alpha2,one-to-one correspondence,http://www.w3.org/2004/02/skos/core#exactMatch
SL,SL,bonsai,iso_3166_1_alpha2,one-to-one correspondence,http://www.w3.org/2004/02/skos/core#exactMatch
SG,SG,bonsai,iso_3166_1_alpha2,one-to-one correspondence,http://www.w3.org/2004/02/skos/core#exactMatch
SX,SX,bonsai,iso_3166_1_alpha2,one-to-one correspondence,http://www.w3.org/2004/02/skos/core#exactMatch
SK,SK,bonsai,iso_3166_1_alpha2,one-to-one correspondence,http://www.w3.org/2004/02/skos/core#exactMatch
SI,SI,bonsai,iso_3166_1_alpha2,one-to-one correspondence,http://www.w3.org/2004/02/skos/core#exactMatch
SB,SB,bonsai,iso_3166_1_alpha2,one-to-one correspondence,http://www.w3.org/2004/02/skos/core#exactMatch
SO,SO,bonsai,iso_3166_1_alpha2,one-to-one correspondence,http://www.w3.org/2004/02/skos/core#exactMatch
ZA,ZA,bonsai,iso_3166_1_alpha2,one-to-one correspondence,http://www.w3.org/2004/02/skos/core#exactMatch
GS,GS,bonsai,iso_3166_1_alpha2,one-to-one correspondence,http://www.w3.org/2004/02/skos/core#exactMatch
SS,SS,bonsai,iso_3166_1_alpha2,one-to-one correspondence,http://www.w3.org/2004/02/skos/core#exactMatch
ES,ES,bonsai,iso_3166_1_alpha2,one-to-one correspondence,http://www.w3.org/2004/02/skos/core#exactMatch
LK,LK,bonsai,iso_3166_1_alpha2,one-to-one correspondence,http://www.w3.org/2004/02/skos/core#exactMatch
SD,SD,bonsai,iso_3166_1_alpha2,one-to-one correspondence,http://www.w3.org/2004/02/skos/core#exactMatch
SR,SR,bonsai,iso_3166_1_alpha2,one-to-one correspondence,http://www.w3.org/2004/02/skos/core#exactMatch
SJ,SJ,bonsai,iso_3166_1_alpha2,one-to-one correspondence,http://www.w3.org/2004/02/skos/core#exactMatch
SE,SE,bonsai,iso_3166_1_alpha2,one-to-one correspondence,http://www.w3.org/2004/02/skos/core#exactMatch
CH,CH,bonsai,iso_3166_1_alpha2,one-to-one correspondence,http://www.w3.org/2004/02/skos/core#exactMatch
SY,SY,bonsai,iso_3166_1_alpha2,one-to-one correspondence,http://www.w3.org/2004/02/skos/core#exactMatch
TW,TW,bonsai,iso_3166_1_alpha2,one-to-one correspondence,http://www.w3.org/2004/02/skos/core#exactMatch
TJ,TJ,bonsai,iso_3166_1_alpha2,one-to-one correspondence,http://www.w3.org/2004/02/skos/core#exactMatch
TZ,TZ,bonsai,iso_3166_1_alpha2,one-to-one correspondence,http://www.w3.org/2004/02/skos/core#exactMatch
TH,TH,bonsai,iso_3166_1_alpha2,one-to-one correspondence,http://www.w3.org/2004/02/skos/core#exactMatch
TL,TL,bonsai,iso_3166_1_alpha2,one-to-one correspondence,http://www.w3.org/2004/02/skos/core#exactMatch
TG,TG,bonsai,iso_3166_1_alpha2,one-to-one correspondence,http://www.w3.org/2004/02/skos/core#exactMatch
TK,TK,bonsai,iso_3166_1_alpha2,one-to-one correspondence,http://www.w3.org/2004/02/skos/core#exactMatch
TO,TO,bonsai,iso_3166_1_alpha2,one-to-one correspondence,http://www.w3.org/2004/02/skos/core#exactMatch
TT,TT,bonsai,iso_3166_1_alpha2,one-to-one correspondence,http://www.w3.org/2004/02/skos/core#exactMatch
TN,TN,bonsai,iso_3166_1_alpha2,one-to-one correspondence,http://www.w3.org/2004/02/skos/core#exactMatch
TR,TR,bonsai,iso_3166_1_alpha2,one-to-one correspondence,http://www.w3.org/2004/02/skos/core#exactMatch
TM,TM,bonsai,iso_3166_1_alpha2,one-to-one correspondence,http://www.w3.org/2004/02/skos/core#exactMatch
TC,TC,bonsai,iso_3166_1_alpha2,one-to-one correspondence,http://www.w3.org/2004/02/skos/core#exactMatch
TV,TV,bonsai,iso_3166_1_alpha2,one-to-one correspondence,http://www.w3.org/2004/02/skos/core#exactMatch
UG,UG,bonsai,iso_3166_1_alpha2,one-to-one correspondence,http://www.w3.org/2004/02/skos/core#exactMatch
UA,UA,bonsai,iso_3166_1_alpha2,one-to-one correspondence,http://www.w3.org/2004/02/skos/core#exactMatch
AE,AE,bonsai,iso_3166_1_alpha2,one-to-one correspondence,http://www.w3.org/2004/02/skos/core#exactMatch
GB,GB,bonsai,iso_3166_1_alpha2,one-to-one correspondence,http://www.w3.org/2004/02/skos/core#exactMatch
US,US,bonsai,iso_3166_1_alpha2,one-to-one correspondence,http://www.w3.org/2004/02/skos/core#exactMatch
UM,UM,bonsai,iso_3166_1_alpha2,one-to-one correspondence,http://www.w3.org/2004/02/skos/core#exactMatch
UY,UY,bonsai,iso_3166_1_alpha2,one-to-one correspondence,http://www.w3.org/2004/02/skos/core#exactMatch
UZ,UZ,bonsai,iso_3166_1_alpha2,one-to-one correspondence,http://www.w3.org/2004/02/skos/core#exactMatch
VU,VU,bonsai,iso_3166_1_alpha2,one-to-one correspondence,http://www.w3.org/2004/02/skos/core#exactMatch
VE,VE,bonsai,iso_3166_1_alpha2,one-to-one correspondence,http://www.w3.org/2004/02/skos/core#exactMatch
VN,VN,bonsai,iso_3166_1_alpha2,one-to-one correspondence,http://www.w3.org/2004/02/skos/core#exactMatch
VG,VG,bonsai,iso_3166_1_alpha2,one-to-one correspondence,http://www.w3.org/2004/02/skos/core#exactMatch
VI,VI,bonsai,iso_3166_1_alpha2,one-to-one correspondence,http://www.w3.org/2004/02/skos/core#exactMatch
WF,WF,bonsai,iso_3166_1_alpha2,one-to-one correspondence,http://www.w3.org/2004/02/skos/core#exactMatch
EH,EH,bonsai,iso_3166_1_alpha2,one-to-one correspondence,http://www.w3.org/2004/02/skos/core#exactMatch
YE,YE,bonsai,iso_3166_1_alpha2,one-to-one correspondence,http://www.w3.org/2004/02/skos/core#exactMatch
ZM,ZM,bonsai,iso_3166_1_alpha2,one-to-one correspondence,http://www.w3.org/2004/02/skos/core#exactMatch
ZW,ZW,bonsai,iso_3166_1_alpha2,one-to-one correspondence,http://www.w3.org/2004/02/skos/core#exactMatch
XK,XK,bonsai,iso_3166_1_alpha2,one-to-one correspondence,http://www.w3.org/2004/02/skos/core#exactMatch
BV,BV,bonsai,iso_3166_1_alpha2,one-to-one correspondence,http://www.w3.org/2004/02/skos/core#exactMatch